Fecha_2020,Valor_2020,Fecha_2021,Valor_2021,Fecha_2022,Valor_2022
2020-01-02,27.071527777777778,2021-01-01,26.583333333333332,2022-01-01,32.8972027972028
2020-01-03,27.30902777777778,2021-01-02,27.811111111111114,2022-01-02,30.47253521126761
2020-01-04,27.775694444444444,2021-01-03,29.22847222222222,2022-01-03,26.442962962962966
2020-01-05,28.806250000000002,2021-01-04,28.429166666666667,2022-01-04,27.980555555555554
2020-01-06,28.824305555555554,2021-01-05,25.407638888888886,2022-01-05,29.334999999999997
2020-01-07,26.500694444444445,2021-01-06,26.654166666666665,2022-01-06,28.262237762237763
2020-01-08,29.229861111111113,2021-01-07,25.554166666666667,2022-01-07,29.24306569343066
2020-01-09,30.193055555555556,2021-01-08,27.300694444444446,2022-01-08,29.278518518518517
2020-01-10,30.821527777777778,2021-01-09,26.603472222222223,2022-01-09,25.346478873239434
2020-01-11,29.261111111111113,2021-01-10,27.900694444444444,2022-01-10,28.729850746268657
2020-01-12,28.730555555555554,2021-01-11,30.418750000000003,2022-01-11,29.00211267605634
2020-01-13,27.136805555555554,2021-01-12,27.383333333333333,2022-01-12,30.54233576642336
2020-01-14,27.66176470588235,2021-01-13,26.69236111111111,2022-01-13,30.63381294964029
2020-01-16,29.59722222222222,2021-01-14,29.88263888888889,2022-01-14,30.517692307692307
2020-01-17,27.56597222222222,2021-01-15,30.184722222222224,2022-01-15,31.78881118881119
2020-01-18,29.460416666666667,2021-01-16,29.582638888888887,2022-01-16,34.1985401459854
2020-01-19,31.33888888888889,2021-01-17,25.20138888888889,2022-01-17,34.46312056737589
2020-01-20,31.82986111111111,2021-01-18,24.31527777777778,2022-01-18,34.234042553191486
2020-01-21,29.21944444444445,2021-01-19,24.92361111111111,2022-01-19,31.913725490196075
2020-01-22,26.347916666666666,2021-01-20,27.001388888888886,2022-01-20,31.43676470588235
2020-01-23,23.944444444444443,2021-01-21,28.202083333333334,2022-01-21,32.44861111111111
2020-01-24,26.586805555555557,2021-01-22,26.819444444444443,2022-01-22,33.525757575757574
2020-01-25,28.280555555555555,2021-01-23,26.665277777777778,2022-01-23,33.826229508196725
2020-01-26,29.077777777777776,2021-01-24,25.847916666666666,2022-01-28,30.518181818181816
2020-01-27,26.603571428571428,2021-01-25,26.460416666666667,2022-01-29,27.422916666666666
2020-01-28,28.300694444444446,2021-01-26,27.547222222222224,2022-01-30,28.70555555555556
2020-01-29,30.926056338028168,2021-01-27,25.970138888888886,2022-01-31,30.77361111111111
2020-01-30,24.889583333333334,2021-01-28,26.334722222222222,2022-02-01,31.181944444444444
2020-01-31,26.896527777777777,2021-01-29,27.716666666666665,2022-02-02,32.02013888888889
2020-02-01,28.481250000000003,2021-01-30,29.07638888888889,2022-02-03,30.034027777777776
2020-02-02,29.848251748251748,2021-01-31,25.9375,2022-02-04,26.691666666666666
2020-02-03,27.965811965811966,2021-02-01,24.979166666666668,2022-02-05,25.605555555555554
2020-02-04,29.66597222222222,2021-02-02,24.713194444444444,2022-02-06,26.490972222222222
2020-02-05,30.09305555555555,2021-02-03,27.288194444444443,2022-02-07,24.32638888888889
2020-02-06,28.977777777777778,2021-02-04,25.03125,2022-02-08,24.961805555555557
2020-02-07,29.07222222222222,2021-02-05,24.303472222222222,2022-02-09,26.888194444444444
2020-02-08,29.352777777777778,2021-02-06,23.825694444444444,2022-02-10,28.765277777777776
2020-02-09,29.34722222222222,2021-02-07,25.095833333333335,2022-02-11,30.80486111111111
2020-02-10,28.45069444444444,2021-02-08,26.592361111111114,2022-02-12,28.157638888888886
2020-02-11,27.104166666666668,2021-02-09,26.095833333333335,2022-02-13,24.954166666666666
2020-02-12,28.382638888888888,2021-02-10,26.363194444444446,2022-02-14,27.464583333333334
2020-02-13,29.71111111111111,2021-02-11,24.06527777777778,2022-02-15,28.997222222222224
2020-02-14,29.706944444444446,2021-02-12,26.002083333333335,2022-02-16,30.00416666666667
2020-02-15,29.36527777777778,2021-02-13,26.9375,2022-02-17,30.133333333333333
2020-02-16,28.82569444444444,2021-02-14,26.928472222222222,2022-02-18,29.53611111111111
2020-02-17,30.57986111111111,2021-02-15,28.331944444444446,2022-02-19,30.061111111111114
2020-02-18,29.831944444444446,2021-02-16,27.851388888888888,2022-02-20,28.00277777777778
2020-02-19,27.277083333333334,2021-02-17,26.539583333333333,2022-02-21,26.86875
2020-02-20,28.59375,2021-02-18,25.99513888888889,2022-02-22,27.992361111111112
2020-02-21,24.938194444444445,2021-02-19,26.007638888888888,2022-02-23,30.360416666666666
2020-02-22,21.313194444444445,2021-02-20,27.250694444444445,2022-02-24,32.052083333333336
2020-02-23,22.146527777777777,2021-02-21,28.727083333333333,2022-02-25,31.800694444444446
2020-02-24,25.481250000000003,2021-02-22,30.036805555555556,2022-02-26,31.06736111111111
2020-02-25,28.570833333333333,2021-02-23,31.54513888888889,2022-02-27,34.25138888888889
2020-02-26,25.275,2021-02-24,28.533333333333335,2022-02-28,32.81666666666667
2020-02-27,23.686111111111114,2021-02-25,27.277083333333334,2022-03-01,27.263194444444444
2020-02-28,22.504444444444445,2021-02-26,28.081944444444446,2022-03-02,28.26388888888889
2020-03-02,28.631249999999998,2021-02-27,29.676388888888887,2022-03-03,27.9625
2020-03-03,28.280555555555555,2021-02-28,28.912499999999998,2022-03-04,29.877777777777776
2020-03-04,29.311888111888113,2021-03-01,28.81597222222222,2022-03-05,31.272916666666667
2020-03-05,28.555555555555557,2021-03-02,29.292361111111113,2022-03-06,31.21527777777778
2020-03-06,28.22937062937063,2021-03-03,29.008333333333333,2022-03-07,31.99930555555555
2020-03-07,29.66041666666667,2021-03-04,25.69097222222222,2022-03-08,28.493750000000002
2020-03-08,29.825000000000003,2021-03-05,25.66111111111111,2022-03-09,29.953472222222224
2020-03-09,31.368750000000002,2021-03-06,26.265972222222224,2022-03-10,28.91944444444444
2020-03-10,32.358333333333334,2021-03-07,26.464583333333334,2022-03-11,23.645833333333332
2020-03-11,32.12361111111111,2021-03-08,26.25,2022-03-12,23.794444444444444
2020-03-12,32.25277777777777,2021-03-09,26.015972222222224,2022-03-13,24.368055555555557
2020-03-13,33.11527777777778,2021-03-10,26.12986111111111,2022-03-14,23.14236111111111
2020-03-14,33.78402777777777,2021-03-11,26.700000000000003,2022-03-15,23.487499999999997
2020-03-15,31.33636363636364,2021-03-12,26.84652777777778,2022-03-16,24.946527777777778
2020-03-16,28.72847222222222,2021-03-13,27.228472222222223,2022-03-17,26.956249999999997
2020-03-17,30.872222222222224,2021-03-14,28.251388888888886,2022-03-18,28.92361111111111
2020-03-18,28.525694444444444,2021-03-15,28.474305555555556,2022-03-19,23.525694444444444
2020-03-19,25.1625,2021-03-16,29.494444444444444,2022-03-20,22.765277777777776
2020-03-20,24.2125,2021-03-17,23.764583333333334,2022-03-21,26.813888888888886
2020-03-21,23.62152777777778,2021-03-18,23.644444444444446,2022-03-22,26.835416666666667
2020-03-22,25.560416666666665,2021-03-19,24.93472222222222,2022-03-23,23.10486111111111
2020-03-23,29.166666666666668,2021-03-20,28.369444444444444,2022-03-24,25.782638888888886
2020-03-24,28.649305555555557,2021-03-21,24.997916666666665,2022-03-25,21.135416666666668
2020-03-25,28.84791666666667,2021-03-22,24.872916666666665,2022-03-26,20.95763888888889
2020-03-26,29.693055555555556,2021-03-23,26.084027777777777,2022-03-27,23.288194444444443
2020-03-27,27.600694444444443,2021-03-24,28.427083333333332,2022-03-28,24.864583333333332
2020-03-28,23.544444444444444,2021-03-25,29.017482517482517,2022-03-29,28.631944444444443
2020-03-29,27.720833333333335,2021-03-26,29.946527777777778,2022-03-30,22.9125
2020-03-30,29.46527777777778,2021-03-27,25.828472222222224,2022-03-31,17.00347222222222
2020-03-31,30.29444444444444,2021-03-28,22.382638888888888,2022-04-01,17.950694444444444
2020-04-01,30.477777777777778,2021-03-29,22.25,2022-04-02,21.005555555555556
2020-04-02,26.244444444444444,2021-03-30,22.400694444444444,2022-04-03,26.131944444444443
2020-04-03,20.688194444444445,2021-03-31,22.356250000000003,2022-04-04,24.593055555555555
2020-04-04,21.01118881118881,2021-04-01,22.9125,2022-04-05,23.036805555555556
2020-04-05,27.293055555555554,2021-04-02,23.37777777777778,2022-04-06,25.561805555555555
2020-04-06,26.851388888888888,2021-04-03,24.686805555555555,2022-04-07,24.352777777777778
2020-04-07,21.705882352941178,2021-04-04,27.282638888888886,2022-04-08,22.884027777777778
2020-04-12,22.725,2021-04-05,27.427777777777777,2022-04-09,23.977083333333333
2020-04-13,23.622916666666665,2021-04-06,23.70486111111111,2022-04-10,27.228472222222223
2020-04-14,18.818055555555556,2021-04-07,25.751388888888886,2022-04-11,25.279166666666665
2020-04-15,17.356944444444444,2021-04-08,27.639583333333334,2022-04-12,22.325000000000003
2020-04-16,18.502083333333335,2021-04-09,29.141666666666666,2022-04-13,23.725694444444443
2020-04-17,19.486713286713286,2021-04-10,29.834722222222222,2022-04-14,20.21597222222222
2020-04-18,20.438888888888886,2021-04-11,26.269444444444446,2022-04-15,17.677777777777777
2020-04-19,24.333333333333332,2021-04-12,20.522916666666667,2022-04-16,18.61388888888889
2020-04-20,25.532638888888886,2021-04-13,22.63611111111111,2022-04-17,21.124305555555555
2020-04-21,26.154166666666665,2021-04-14,24.740277777777777,2022-04-18,21.563888888888886
2020-04-22,25.70763888888889,2021-04-15,26.259722222222223,2022-04-19,22.595138888888886
2020-04-23,26.714583333333334,2021-04-16,23.913888888888888,2022-04-20,24.316666666666666
2020-04-24,27.688194444444445,2021-04-17,24.925694444444446,2022-04-21,22.806944444444444
2020-04-25,29.210416666666667,2021-04-18,24.484027777777776,2022-04-22,23.76388888888889
2020-04-26,30.105555555555554,2021-04-19,24.93402777777778,2022-04-23,22.881944444444443
2020-04-27,29.833333333333332,2021-04-20,25.45763888888889,2022-04-24,25.90138888888889
2020-04-28,28.095833333333335,2021-04-21,25.813194444444445,2022-04-25,28.699305555555554
2020-04-29,26.797222222222224,2021-04-22,23.630555555555556,2022-04-26,30.037499999999998
2020-04-30,25.88125,2021-04-23,24.650694444444444,2022-04-27,30.07642857142857
2020-05-01,23.55902777777778,2021-04-24,20.694444444444443,2022-04-28,28.375694444444445
2020-05-02,22.345833333333335,2021-04-25,20.46875,2022-04-29,21.234027777777776
2020-05-03,23.42638888888889,2021-04-26,18.427083333333332,2022-04-30,21.9125
2020-05-04,27.335416666666667,2021-04-27,17.79513888888889,2022-05-01,22.865277777777777
2020-05-05,27.21388888888889,2021-04-28,17.813194444444445,2022-05-02,21.461805555555557
2020-05-06,17.79236111111111,2021-04-29,18.021527777777777,2022-05-03,17.566666666666666
2020-05-07,13.878472222222221,2021-04-30,20.873611111111114,2022-05-04,17.297916666666666
2020-05-08,15.471527777777778,2021-05-01,23.492361111111112,2022-05-05,18.36111111111111
2020-05-09,18.836111111111112,2021-05-02,25.438194444444445,2022-05-06,19.81527777777778
2020-05-10,24.84652777777778,2021-05-03,28.07986111111111,2022-05-07,20.165277777777778
2020-05-11,26.96875,2021-05-04,27.93125,2022-05-08,19.405555555555555
2020-05-12,22.511805555555554,2021-05-05,20.05902777777778,2022-05-09,19.78611111111111
2020-05-13,21.47361111111111,2021-05-06,15.256250000000001,2022-05-10,19.286805555555556
2020-05-14,18.52013888888889,2021-05-07,13.991666666666667,2022-05-11,18.09722222222222
2020-05-15,15.88041958041958,2021-05-08,16.169444444444444,2022-05-12,17.179861111111112
2020-05-16,16.592361111111114,2021-05-09,22.11111111111111,2022-05-13,18.85763888888889
2020-05-17,20.209027777777777,2021-05-10,24.218055555555555,2022-05-14,19.865972222222222
2020-05-18,21.961805555555557,2021-05-11,17.54513888888889,2022-05-15,18.797222222222224
2020-05-19,24.280555555555555,2021-05-12,16.413888888888888,2022-05-16,15.477083333333333
2020-05-20,26.938194444444445,2021-05-13,15.697222222222223,2022-05-17,13.45486111111111
2020-05-21,27.07986111111111,2021-05-14,19.62152777777778,2022-05-18,12.990972222222222
2020-05-22,17.456249999999997,2021-05-15,20.479166666666668,2022-05-19,14.25486111111111
2020-05-23,13.20486111111111,2021-05-16,21.67013888888889,2022-05-20,13.2375
2020-05-24,12.776388888888889,2021-05-17,21.83263888888889,2022-05-21,16.105555555555554
2020-05-25,14.795833333333333,2021-05-18,20.525694444444444,2022-05-22,16.68125
2020-05-26,15.95972222222222,2021-05-19,22.866666666666667,2022-05-23,18.810416666666665
2020-05-27,16.81736111111111,2021-05-20,25.938194444444445,2022-05-24,23.220833333333335
2020-05-28,19.793055555555554,2021-05-21,27.227083333333333,2022-05-25,24.669444444444444
2020-05-29,21.38611111111111,2021-05-22,18.90625,2022-05-26,22.831249999999997
2020-05-30,23.228472222222223,2021-05-23,15.472916666666666,2022-05-27,20.450694444444444
2020-05-31,19.14513888888889,2021-05-24,14.494444444444444,2022-05-28,21.799305555555556
2020-06-01,13.32986111111111,2021-05-25,16.70486111111111,2022-05-29,20.374305555555555
2020-06-02,13.534027777777778,2021-05-26,19.99513888888889,2022-05-30,16.725
2020-06-03,15.511805555555554,2021-05-27,21.714583333333334,2022-05-31,12.109027777777778
2020-06-04,18.074305555555554,2021-05-28,26.138194444444444,2022-06-01,12.0625
2020-06-05,14.975694444444445,2021-05-29,21.416666666666668,2022-06-02,13.058333333333334
2020-06-06,14.919444444444444,2021-05-30,17.438888888888886,2022-06-03,11.605555555555556
2020-06-07,17.208333333333332,2021-05-31,15.078472222222224,2022-06-04,16.80972222222222
2020-06-08,23.777083333333334,2021-06-01,18.820138888888888,2022-06-05,23.22152777777778
2020-06-09,25.002857142857142,2021-06-02,24.424999999999997,2022-06-06,21.952777777777776
2020-06-10,24.745833333333334,2021-06-03,25.069444444444443,2022-06-07,18.074305555555554
2020-06-11,26.961805555555557,2021-06-04,27.365972222222222,2022-06-08,17.877083333333335
2020-06-12,27.900694444444444,2021-06-05,26.204166666666666,2022-06-09,17.119444444444444
2020-06-13,22.613194444444446,2021-06-06,20.99652777777778,2022-06-10,15.859722222222224
2020-06-14,14.844444444444443,2021-06-07,20.828472222222224,2022-06-11,10.740579710144928
2020-06-15,21.031944444444445,2021-06-08,20.790277777777778,2022-06-12,10.189583333333333
2020-06-16,24.48888888888889,2021-06-09,21.27638888888889,2022-06-13,12.099305555555555
2020-06-17,25.505594405594408,2021-06-10,20.887500000000003,2022-06-14,16.029166666666665
2020-06-18,26.57638888888889,2021-06-11,18.105555555555554,2022-06-15,19.420833333333334
2020-06-19,27.206249999999997,2021-06-12,16.793055555555554,2022-06-16,20.938888888888886
2020-06-20,28.089583333333334,2021-06-13,18.619444444444444,2022-06-17,20.02013888888889
2020-06-21,27.352777777777778,2021-06-14,19.959027777777777,2022-06-18,13.18888888888889
2020-06-22,27.109027777777776,2021-06-15,18.629166666666666,2022-06-19,13.42013888888889
2020-06-23,27.29513888888889,2021-06-16,15.993055555555555,2022-06-20,18.929861111111112
2020-06-24,26.265277777777776,2021-06-17,13.084027777777777,2022-06-21,24.37847222222222
2020-06-25,19.833566433566432,2021-06-18,12.118055555555555,2022-06-22,18.875694444444445
2020-06-26,12.283333333333333,2021-06-19,12.950694444444444,2022-06-23,14.768852459016394
2020-06-27,12.186805555555557,2021-06-20,14.623611111111112,2022-06-24,15.691666666666666
2020-06-28,14.17361111111111,2021-06-21,15.172222222222224,2022-06-25,16.345138888888886
2020-06-29,21.320833333333333,2021-06-22,16.204166666666666,2022-06-26,16.464583333333334
2020-06-30,21.281944444444445,2021-06-23,22.522222222222222,2022-06-27,20.14513888888889
2020-07-01,13.835416666666667,2021-06-24,21.37152777777778,2022-06-28,19.902083333333334
2020-07-02,11.747222222222222,2021-06-25,16.9375,2022-06-29,15.29861111111111
2020-07-03,11.8,2021-06-26,23.589583333333334,2022-06-30,15.960416666666667
2020-07-04,18.438888888888886,2021-06-27,12.697222222222223,2022-07-01,21.458333333333332
2020-07-05,24.87986111111111,2021-06-28,10.285416666666666,2022-07-02,24.25486111111111
2020-07-06,18.486805555555556,2021-06-29,8.740972222222222,2022-07-03,21.77638888888889
2020-07-07,15.114583333333334,2021-06-30,9.481944444444444,2022-07-04,26.416666666666668
2020-07-08,11.818750000000001,2021-07-01,13.459027777777777,2022-07-05,25.635416666666668
2020-07-09,11.893055555555556,2021-07-02,17.775,2022-07-06,24.424305555555556
2020-07-10,17.09861111111111,2021-07-03,17.044444444444444,2022-07-07,25.093055555555555
2020-07-11,24.978472222222223,2021-07-04,18.579166666666666,2022-07-08,24.3375
2020-07-12,22.33263888888889,2021-07-05,21.938888888888886,2022-07-09,26.218055555555555
2020-07-13,19.495833333333334,2021-07-06,22.5,2022-07-10,26.575000000000003
2020-07-14,14.636111111111111,2021-07-07,21.799305555555556,2022-07-11,24.873611111111114
2020-07-15,16.44236111111111,2021-07-08,22.428472222222222,2022-07-12,15.827777777777776
2020-07-16,23.52638888888889,2021-07-09,22.65347222222222,2022-07-13,14.944444444444445
2020-07-17,25.390972222222224,2021-07-10,23.804166666666667,2022-07-14,24.09652777777778
2020-07-18,26.847916666666666,2021-07-11,25.02847222222222,2022-07-15,26.620833333333334
2020-07-19,26.94236111111111,2021-07-12,24.618055555555557,2022-07-16,17.158333333333335
2020-07-20,26.068055555555556,2021-07-13,25.59375,2022-07-17,12.566666666666666
2020-07-21,26.781944444444445,2021-07-14,25.46527777777778,2022-07-18,13.994444444444445
2020-07-22,27.28611111111111,2021-07-15,18.407638888888886,2022-07-19,18.137500000000003
2020-07-23,26.213194444444444,2021-07-16,15.710416666666667,2022-07-20,23.71875
2020-07-24,14.797222222222224,2021-07-17,15.87986111111111,2022-07-21,25.55625
2020-07-25,11.675694444444444,2021-07-18,12.881250000000001,2022-07-22,25.988194444444446
2020-07-26,12.934027777777779,2021-07-19,9.390277777777778,2022-07-23,26.615972222222222
2020-07-27,22.356250000000003,2021-07-20,10.56388888888889,2022-07-24,27.016666666666666
2020-07-28,16.543055555555554,2021-07-21,16.785416666666666,2022-07-25,27.711111111111112
2020-07-29,10.291666666666666,2021-07-22,21.147916666666667,2022-07-26,26.920833333333334
2020-07-30,12.020833333333334,2021-07-23,24.394444444444446,2022-07-27,26.893749999999997
2020-07-31,21.211805555555557,2021-07-24,26.070833333333333,2022-07-28,23.968055555555555
2020-08-01,24.208333333333332,2021-07-25,26.955555555555556,2022-07-29,15.613194444444446
2020-08-02,25.794444444444444,2021-07-26,25.316666666666666,2022-07-30,14.861805555555556
2020-08-03,24.71388888888889,2021-07-27,14.502083333333335,2022-07-31,18.456944444444446
2020-08-04,25.693055555555556,2021-07-28,9.636805555555556,2022-08-01,21.379166666666666
2020-08-05,25.464583333333334,2021-07-29,9.122222222222222,2022-08-02,26.610416666666666
2020-08-06,25.469444444444445,2021-07-30,10.731944444444444,2022-08-03,27.813888888888886
2020-08-07,25.74722222222222,2021-07-31,12.927777777777777,2022-08-04,22.56736111111111
2020-08-08,25.694444444444443,2021-08-01,15.833333333333334,2022-08-05,16.599305555555556
2020-08-09,26.11388888888889,2021-08-02,15.952083333333333,2022-08-06,15.054166666666667
2020-08-10,27.22986111111111,2021-08-03,15.077777777777776,2022-08-07,16.262500000000003
2020-08-11,21.75347222222222,2021-08-04,16.311805555555555,2022-08-08,17.088194444444444
2020-08-12,12.511702127659573,2021-08-05,18.861805555555556,2022-08-09,15.480555555555554
2020-09-08,19.505555555555556,2021-08-06,20.810416666666665,2022-08-10,13.859027777777778
2020-09-09,23.099305555555556,2021-08-07,24.720833333333335,2022-08-11,15.113194444444446
2020-09-10,26.24722222222222,2021-08-08,26.670833333333334,2022-08-12,19.22361111111111
2020-09-11,30.439583333333335,2021-08-09,22.813194444444445,2022-08-13,23.238194444444446
2020-09-12,31.751388888888886,2021-08-10,12.714583333333334,2022-08-14,27.00625
2020-09-13,30.304166666666667,2021-08-11,13.015277777777778,2022-08-15,29.30277777777778
2020-09-14,21.12777777777778,2021-08-12,13.28263888888889,2022-08-16,21.05763888888889
2020-09-15,17.274305555555557,2021-08-13,14.273611111111112,2022-08-17,21.882638888888888
2020-09-16,18.910416666666666,2021-08-14,16.049999999999997,2022-08-18,17.436111111111114
2020-09-17,20.490277777777777,2021-08-15,18.289583333333333,2022-08-19,11.520833333333334
2020-09-18,22.143356643356643,2021-08-16,21.474305555555556,2022-08-20,12.95625
2020-09-19,23.827083333333334,2021-08-17,27.879166666666666,2022-08-21,16.168750000000003
2020-09-20,18.21388888888889,2021-08-18,30.358333333333334,2022-08-22,20.136805555555554
2020-09-21,18.759027777777778,2021-08-19,32.787499999999994,2022-08-23,23.783333333333335
2020-09-22,19.67638888888889,2021-08-20,29.81736111111111,2022-08-24,26.295833333333334
2020-09-23,25.120833333333334,2021-08-21,27.38611111111111,2022-08-25,26.57361111111111
2020-09-24,28.731250000000003,2021-08-22,30.04513888888889,2022-08-26,27.168750000000003
2020-09-25,31.739583333333332,2021-08-23,30.720138888888886,2022-08-27,27.92361111111111
2020-09-26,33.927083333333336,2021-08-24,21.03125,2022-08-28,19.404166666666665
2020-09-27,30.175694444444446,2021-08-25,17.021527777777777,2022-08-29,13.272916666666667
2020-09-28,21.632638888888888,2021-08-26,16.964583333333334,2022-08-30,17.650694444444444
2020-09-29,19.20701754385965,2021-08-27,18.066666666666666,2022-08-31,21.913888888888888
2020-09-30,34.58472222222222,2021-08-28,20.016666666666666,2022-09-01,26.639583333333334
2020-10-01,36.50347222222222,2021-08-29,23.094444444444445,2022-09-02,20.90972222222222
2020-10-02,32.78541666666667,2021-08-30,25.381944444444443,2022-09-03,17.49375
2020-10-03,22.34097222222222,2021-08-31,26.193055555555556,2022-09-04,13.240277777777777
2020-10-04,20.3375,2021-09-01,27.886805555555554,2022-09-05,12.560416666666667
2020-10-05,21.006944444444443,2021-09-02,28.729861111111113,2022-09-06,18.42361111111111
2020-10-06,22.64236111111111,2021-09-03,23.50486111111111,2022-09-07,21.854166666666668
2020-10-07,27.3375,2021-09-04,24.785416666666666,2022-09-08,28.823611111111113
2020-10-08,27.989583333333332,2021-09-05,24.558333333333334,2022-09-09,22.91111111111111
2020-10-09,24.139583333333334,2021-09-06,28.099305555555556,2022-09-10,16.336805555555557
2020-10-10,23.95138888888889,2021-09-07,33.706944444444446,2022-09-11,16.710416666666667
2020-10-11,28.158088235294116,2021-09-08,23.13888888888889,2022-09-12,18.436111111111114
2020-10-12,28.82013888888889,2021-09-09,18.861805555555556,2022-09-13,18.36388888888889
2020-10-13,26.977083333333333,2021-09-10,18.29861111111111,2022-09-14,18.1625
2020-10-14,26.15902777777778,2021-09-11,22.363194444444446,2022-09-15,18.20486111111111
2020-10-15,23.40625,2021-09-12,28.377083333333335,2022-09-16,19.714583333333334
2020-10-16,25.663888888888888,2021-09-13,32.483333333333334,2022-09-17,22.672916666666666
2020-10-17,28.546527777777776,2021-09-14,23.054861111111112,2022-09-18,24.400694444444444
2020-10-18,30.117730496453902,2021-09-15,18.772916666666667,2022-09-19,21.586111111111112
2020-10-19,30.87916666666667,2021-09-16,19.120833333333334,2022-09-20,21.21527777777778
2020-10-20,29.751685393258427,2021-09-17,23.352447552447554,2022-09-21,20.702083333333334
2020-10-21,26.567999999999998,2021-09-18,27.379166666666666,2022-09-22,18.852777777777778
2020-10-22,27.89375,2021-09-19,31.827777777777776,2022-09-23,16.43402777777778
2020-10-23,29.776344086021503,2021-09-20,32.900000000000006,2022-09-24,17.858333333333334
2020-10-24,29.678260869565218,2021-09-21,21.550694444444446,2022-09-25,19.022916666666667
2020-10-25,32.243750000000006,2021-09-22,20.222916666666666,2022-09-26,20.463194444444444
2020-10-26,25.47163120567376,2021-09-23,21.725694444444443,2022-09-27,21.108333333333334
2020-10-27,23.643939393939394,2021-09-24,21.819444444444443,2022-09-28,20.93472222222222
2020-10-28,27.15347222222222,2021-09-25,21.52013888888889,2022-09-29,18.618055555555557
2020-10-29,24.896527777777777,2021-09-26,24.626388888888886,2022-09-30,19.177777777777777
2020-10-30,21.322222222222223,2021-09-27,29.212500000000002,2022-10-01,20.38888888888889
2020-10-31,22.4625,2021-09-28,26.849305555555556,2022-10-02,21.891666666666666
2020-11-01,22.79576271186441,2021-09-29,24.897222222222222,2022-10-03,21.263194444444444
2020-11-02,25.68913043478261,2021-09-30,29.39861111111111,2022-10-04,21.80413223140496
2020-11-03,26.086805555555557,2021-10-01,26.2125,2022-10-05,23.2875
2020-11-04,25.34722222222222,2021-10-02,22.615277777777777,2022-10-06,21.097916666666666
2020-11-05,25.789583333333333,2021-10-03,22.589583333333334,2022-10-07,19.884027777777778
2020-11-06,26.822222222222223,2021-10-04,18.717361111111114,2022-10-08,22.195138888888888
2020-11-07,29.31180555555555,2021-10-05,21.168750000000003,2022-10-09,16.538888888888888
2020-11-08,28.052941176470586,2021-10-06,25.975694444444443,2022-10-10,12.93888888888889
2020-11-09,22.75177304964539,2021-10-07,22.279166666666665,2022-10-11,14.899305555555555
2020-11-10,21.775694444444444,2021-10-08,25.688888888888886,2022-10-12,18.071527777777778
2020-11-11,24.637500000000003,2021-10-09,23.681944444444444,2022-10-13,20.049999999999997
2020-11-12,27.453472222222224,2021-10-10,24.132638888888888,2022-10-14,21.86388888888889
2020-11-13,28.75486111111111,2021-10-11,25.56875,2022-10-15,24.420833333333334
2020-11-14,29.597560975609756,2021-10-12,25.975694444444443,2022-10-16,24.920833333333334
2020-11-15,22.9125,2021-10-13,28.61736111111111,2022-10-17,23.874305555555555
2020-11-16,25.865248226950353,2021-10-14,25.890972222222224,2022-10-18,23.77847222222222
2020-11-17,25.954615384615384,2021-10-15,22.64513888888889,2022-10-19,24.160416666666666
2020-11-18,22.59298245614035,2021-10-16,18.644444444444446,2022-10-20,21.835416666666667
2020-11-21,27.22361111111111,2021-10-17,20.24375,2022-10-21,22.124305555555555
2020-11-24,31.649305555555557,2021-10-18,21.369444444444444,2022-10-22,22.63125
2020-11-28,30.420833333333334,2021-10-19,21.89236111111111,2022-10-23,24.40625
2020-11-30,23.783333333333335,2021-10-20,24.350694444444443,2022-10-24,26.586805555555557
2020-12-01,23.72222222222222,2021-10-21,24.86875,2022-10-26,26.89512195121951
2020-12-02,30.005555555555556,2021-10-22,26.054166666666667,2022-12-12,4.888888888888889
2020-12-03,23.635714285714286,2021-10-23,26.554861111111112,2022-12-13,16.789473684210527
2020-12-04,23.675694444444446,2021-10-24,21.885416666666668,2022-12-15,30.933333333333334
2020-12-05,24.279166666666665,2021-10-25,22.166666666666668,,
2020-12-06,24.352083333333333,2021-10-26,24.929861111111112,,
2020-12-07,24.897916666666667,2021-10-27,27.62986111111111,,
2020-12-08,26.018749999999997,2021-10-28,28.300694444444446,,
2020-12-09,27.594444444444445,2021-10-29,29.727777777777778,,
2020-12-10,28.912587412587413,2021-10-30,27.1875,,
2020-12-11,30.37847222222222,2021-10-31,27.236805555555556,,
2020-12-12,31.59791666666667,2021-11-01,28.46944444444445,,
2020-12-13,27.822222222222223,2021-11-02,29.358333333333334,,
2020-12-14,24.979166666666668,2021-11-03,27.827083333333334,,
2020-12-15,27.186111111111114,2021-11-04,29.943055555555556,,
2020-12-16,25.99074074074074,2021-11-05,27.836805555555557,,
2020-12-17,26.085925925925924,2021-11-06,22.008333333333333,,
2020-12-18,27.595138888888886,2021-11-07,24.87152777777778,,
2020-12-19,30.310416666666665,2021-11-08,25.827777777777776,,
2020-12-20,23.99652777777778,2021-11-09,28.072222222222223,,
2020-12-21,24.632638888888888,2021-11-10,25.977083333333333,,
2020-12-23,26.20763888888889,2021-11-11,25.914583333333333,,
2020-12-24,29.029861111111114,2021-11-12,27.928472222222222,,
2020-12-25,29.65972222222222,2021-11-13,27.56875,,
2020-12-26,28.165277777777778,2021-11-14,23.45763888888889,,
2020-12-27,28.966666666666665,2021-11-15,25.351388888888888,,
2020-12-28,30.681944444444444,2021-11-16,27.383333333333333,,
2020-12-29,30.03194444444445,2021-11-17,23.05138888888889,,
2020-12-30,30.22361111111111,2021-11-18,20.464583333333334,,
2020-12-31,27.790277777777778,2021-11-19,22.154861111111114,,
,,2021-11-20,23.834722222222222,,
,,2021-11-21,27.380555555555556,,
,,2021-11-22,30.399305555555557,,
,,2021-11-23,27.569444444444443,,
,,2021-11-24,27.589583333333334,,
,,2021-11-25,27.991666666666667,,
,,2021-11-26,25.37222222222222,,
,,2021-11-27,23.91792452830189,,
,,2021-11-29,24.657638888888886,,
,,2021-11-30,24.568055555555556,,
,,2021-12-01,25.06307692307692,,
,,2021-12-02,26.74375,,
,,2021-12-03,27.56527777777778,,
,,2021-12-04,28.619444444444444,,
,,2021-12-05,28.213194444444444,,
,,2021-12-06,27.88888888888889,,
,,2021-12-07,26.931944444444444,,
,,2021-12-08,28.060294117647057,,
,,2021-12-09,28.578472222222224,,
,,2021-12-10,29.93402777777778,,
,,2021-12-11,29.12042253521127,,
,,2021-12-12,28.13916083916084,,
,,2021-12-13,25.679432624113478,,
,,2021-12-14,26.87132867132867,,
,,2021-12-15,27.245,,
,,2021-12-16,28.010317460317463,,
,,2021-12-17,28.54930555555556,,
,,2021-12-18,29.568749999999998,,
,,2021-12-19,32.265972222222224,,
,,2021-12-20,30.53541666666667,,
,,2021-12-21,29.82569444444444,,
,,2021-12-22,30.675694444444446,,
,,2021-12-23,28.925874125874124,,
,,2021-12-24,27.435114503816795,,
,,2021-12-27,34.563793103448276,,
,,2021-12-28,30.722627737226276,,
,,2021-12-29,32.08,,
,,2021-12-30,29.595138888888886,,
,,2021-12-31,29.088028169014084,,
